FL,FR,RL,RR
78.065361,83.532761,52.850224,56.551655
78.065361,83.532761,52.850224,56.551655
78.065361,83.532761,52.850224,56.551655
78.295456,83.778976,52.620129,56.305443
78.295456,83.778976,52.620129,56.305443
78.295456,83.778976,52.620129,56.305443
78.525551,84.025185,52.390034,56.059227
78.755638,84.271385,52.159946,55.813034
78.755638,84.271385,52.159946,55.813034
78.985733,84.517601,51.929848,55.566818
79.215836,84.763809,51.699753,55.320610
79.445923,85.010010,51.469658,55.074406
79.048485,85.407448,51.212177,55.331886
79.277428,85.654808,50.983231,55.084522
78.878845,86.053391,50.726906,55.340851
79.106644,86.301910,50.499111,55.092342
79.106644,86.301910,50.499111,55.092342
78.878845,86.053391,50.726906,55.340851
78.878845,86.053391,50.726906,55.340851
78.651047,85.804886,50.954697,55.589367
78.651047,85.804886,50.954697,55.589367
79.048485,85.407448,51.212177,55.331886
79.277428,85.654808,50.983231,55.084522
79.676018,85.256218,51.239567,54.828190
79.906113,85.502441,51.009472,54.581982
80.305855,85.102692,51.264652,54.326801
80.074600,84.857635,51.495895,54.571861
80.074600,84.857635,51.495895,54.571861
79.843353,84.612579,51.727142,54.816917
79.843353,84.612579,51.727142,54.816917
79.612122,84.367523,51.958385,55.061977
79.612122,84.367523,51.958385,55.061977
79.215836,84.763809,51.699753,55.320610
79.215836,84.763809,51.699753,55.320610
78.819550,85.160095,51.441116,55.579243
78.819550,85.160095,51.441116,55.579243
78.819550,85.160095,51.441116,55.579243
78.819550,85.160095,51.441116,55.579243
78.423264,85.556374,51.182484,55.837875
78.423264,85.556374,51.182484,55.837875
78.423264,85.556374,51.182484,55.837875
78.423264,85.556374,51.182484,55.837875
78.819550,85.160095,51.441116,55.579243
78.819550,85.160095,51.441116,55.579243
79.215836,84.763809,51.699753,55.320610
79.215836,84.763809,51.699753,55.320610
79.215836,84.763809,51.699753,55.320610
79.215836,84.763809,51.699753,55.320610
79.612122,84.367523,51.958385,55.061977
79.612122,84.367523,51.958385,55.061977
79.612122,84.367523,51.958385,55.061977
79.612122,84.367523,51.958385,55.061977
79.215836,84.763809,51.699753,55.320610
79.215836,84.763809,51.699753,55.320610
78.819550,85.160095,51.441116,55.579243
78.819550,85.160095,51.441116,55.579243
78.819550,85.160095,51.441116,55.579243
78.819550,85.160095,51.441116,55.579243
78.819550,85.160095,51.441116,55.579243
78.819550,85.160095,51.441116,55.579243
78.819550,85.160095,51.441116,55.579243
78.819550,85.160095,51.441116,55.579243
78.819550,85.160095,51.441116,55.579243
79.215836,84.763809,51.699753,55.320610
79.215836,84.763809,51.699753,55.320610
79.215836,84.763809,51.699753,55.320610
79.215836,84.763809,51.699753,55.320610
79.215836,84.763809,51.699753,55.320610
79.215836,84.763809,51.699753,55.320610
79.215836,84.763809,51.699753,55.320610
79.215836,84.763809,51.699753,55.320610
79.215836,84.763809,51.699753,55.320610
79.215836,84.763809,51.699753,55.320610
78.819550,85.160095,51.441116,55.579243
78.819550,85.160095,51.441116,55.579243
78.819550,85.160095,51.441116,55.579243
79.048485,85.407448,51.212177,55.331886
79.048485,85.407448,51.212177,55.331886
78.878845,86.053391,50.726906,55.340851
78.878845,86.053391,50.726906,55.340851
79.106644,86.301910,50.499111,55.092342
79.106644,86.301910,50.499111,55.092342
79.106644,86.301910,50.499111,55.092342
79.277428,85.654808,50.983231,55.084522
79.277428,85.654808,50.983231,55.084522
79.277428,85.654808,50.983231,55.084522
79.277428,85.654808,50.983231,55.084522
79.445923,85.010010,51.469658,55.074406
79.445923,85.010010,51.469658,55.074406
79.612122,84.367523,51.958385,55.061977
79.612122,84.367523,51.958385,55.061977
79.380867,84.122459,52.189632,55.307030
79.149620,83.877403,52.420879,55.552101
78.525551,84.025185,52.390034,56.059227
78.295456,83.778976,52.620129,56.305443
78.065361,83.532761,52.850224,56.551655
78.295456,83.778976,52.620129,56.305443
78.525551,84.025185,52.390034,56.059227
78.361656,84.665375,51.899010,56.073963
78.590599,84.912727,51.670063,55.826603
78.819550,85.160095,51.441116,55.579243
78.819550,85.160095,51.441116,55.579243
79.048485,85.407448,51.212177,55.331886
78.651047,85.804886,50.954697,55.589367
78.878845,86.053391,50.726906,55.340851
78.878845,86.053391,50.726906,55.340851
78.878845,86.053391,50.726906,55.340851
78.878845,86.053391,50.726906,55.340851
79.106644,86.301910,50.499111,55.092342
79.106644,86.301910,50.499111,55.092342
79.106644,86.301910,50.499111,55.092342
79.106644,86.301910,50.499111,55.092342
79.506378,85.902176,50.754292,54.837162
79.277428,85.654808,50.983231,55.084522
79.676018,85.256218,51.239567,54.828190
79.676018,85.256218,51.239567,54.828190
79.676018,85.256218,51.239567,54.828190
79.445923,85.010010,51.469658,55.074406
79.843353,84.612579,51.727142,54.816917
79.612122,84.367523,51.958385,55.061977
79.612122,84.367523,51.958385,55.061977
79.612122,84.367523,51.958385,55.061977
79.215836,84.763809,51.699753,55.320610
79.215836,84.763809,51.699753,55.320610
78.819550,85.160095,51.441116,55.579243
78.819550,85.160095,51.441116,55.579243
78.819550,85.160095,51.441116,55.579243
78.819550,85.160095,51.441116,55.579243
78.423264,85.556374,51.182484,55.837875
78.423264,85.556374,51.182484,55.837875
78.423264,85.556374,51.182484,55.837875
78.423264,85.556374,51.182484,55.837875
78.423264,85.556374,51.182484,55.837875
78.423264,85.556374,51.182484,55.837875
78.423264,85.556374,51.182484,55.837875
78.423264,85.556374,51.182484,55.837875
78.423264,85.556374,51.182484,55.837875
78.026985,85.952660,50.923851,56.096508
78.026985,85.952660,50.923851,56.096508
77.630699,86.348946,50.665226,56.355141
77.630699,86.348946,50.665226,56.355141
77.630699,86.348946,50.665226,56.355141
77.234413,86.745232,50.406593,56.613773
77.234413,86.745232,50.406593,56.613773
76.838127,87.141510,50.147961,56.872402
76.838127,87.141510,50.147961,56.872402
76.838127,87.141510,50.147961,56.872402
77.458748,86.997185,50.182251,56.361805
77.458748,86.997185,50.182251,56.361805
78.081673,86.850563,50.214245,55.853512
78.081673,86.850563,50.214245,55.853512
78.081673,86.850563,50.214245,55.853512
77.458748,86.997185,50.182251,56.361805
77.458748,86.997185,50.182251,56.361805
76.838127,87.141510,50.147961,56.872402
76.838127,87.141510,50.147961,56.872402
76.838127,87.141510,50.147961,56.872402
76.838127,87.141510,50.147961,56.872402
76.441849,87.537796,49.889328,57.131035
76.441849,87.537796,49.889328,57.131035
76.441849,87.537796,49.889328,57.131035
76.838127,87.141510,50.147961,56.872402
76.838127,87.141510,50.147961,56.872402
77.234413,86.745232,50.406593,56.613773
77.234413,86.745232,50.406593,56.613773
77.630699,86.348946,50.665226,56.355141
77.630699,86.348946,50.665226,56.355141
78.026985,85.952660,50.923851,56.096508
78.253616,86.202316,50.697216,55.846848
78.651047,85.804886,50.954697,55.589367
78.651047,85.804886,50.954697,55.589367
78.651047,85.804886,50.954697,55.589367
78.253616,86.202316,50.697216,55.846848
78.026985,85.952660,50.923851,56.096508
77.630699,86.348946,50.665226,56.355141
77.630699,86.348946,50.665226,56.355141
77.630699,86.348946,50.665226,56.355141
77.234413,86.745232,50.406593,56.613773
77.234413,86.745232,50.406593,56.613773
76.838127,87.141510,50.147961,56.872402
76.838127,87.141510,50.147961,56.872402
76.838127,87.141510,50.147961,56.872402
76.838127,87.141510,50.147961,56.872402
77.458748,86.997185,50.182251,56.361805
77.458748,86.997185,50.182251,56.361805
77.458748,86.997185,50.182251,56.361805
77.683083,87.249153,49.957909,56.109844
77.683083,87.249153,49.957909,56.109844
77.907433,87.501122,49.733574,55.857880
77.907433,87.501122,49.733574,55.857880
78.131767,87.753082,49.509232,55.605911
77.907433,87.501122,49.733574,55.857880
77.683083,87.249153,49.957909,56.109844
77.284500,87.647736,49.701584,56.366173
77.061310,87.394623,49.924770,56.619286
76.838127,87.141510,50.147961,56.872402
76.838127,87.141510,50.147961,56.872402
77.234413,86.745232,50.406593,56.613773
77.234413,86.745232,50.406593,56.613773
77.630699,86.348946,50.665226,56.355141
77.630699,86.348946,50.665226,56.355141
77.630699,86.348946,50.665226,56.355141
77.630699,86.348946,50.665226,56.355141
77.856178,86.599754,50.439735,56.104324
77.856178,86.599754,50.439735,56.104324
77.856178,86.599754,50.439735,56.104324
77.856178,86.599754,50.439735,56.104324
77.856178,86.599754,50.439735,56.104324
77.234413,86.745232,50.406593,56.613773
77.234413,86.745232,50.406593,56.613773
77.234413,86.745232,50.406593,56.613773
77.630699,86.348946,50.665226,56.355141
77.630699,86.348946,50.665226,56.355141
78.026985,85.952660,50.923851,56.096508
78.026985,85.952660,50.923851,56.096508
78.423264,85.556374,51.182484,55.837875
78.423264,85.556374,51.182484,55.837875
78.819550,85.160095,51.441116,55.579243
79.048485,85.407448,51.212177,55.331886
79.445923,85.010010,51.469658,55.074406
79.445923,85.010010,51.469658,55.074406
79.445923,85.010010,51.469658,55.074406
79.048485,85.407448,51.212177,55.331886
78.819550,85.160095,51.441116,55.579243
78.423264,85.556374,51.182484,55.837875
78.423264,85.556374,51.182484,55.837875
78.195465,85.307861,51.410282,56.086380
77.800331,85.702995,51.150497,56.346169
77.573692,85.453331,51.377140,56.595837
77.179710,85.847313,51.116207,56.856766
76.954231,85.596504,51.341690,57.107574
76.954231,85.596504,51.341690,57.107574
77.347061,85.203674,51.603775,56.845490
77.347061,85.203674,51.603775,56.845490
77.739891,84.810837,51.865860,56.583405
77.739891,84.810837,51.865860,56.583405
77.967674,85.059349,51.638077,56.334904
77.967674,85.059349,51.638077,56.334904
78.195465,85.307861,51.410282,56.086380
78.195465,85.307861,51.410282,56.086380
78.423264,85.556374,51.182484,55.837875
78.423264,85.556374,51.182484,55.837875
78.651047,85.804886,50.954697,55.589367
78.651047,85.804886,50.954697,55.589367
78.878845,86.053391,50.726906,55.340851
78.878845,86.053391,50.726906,55.340851
78.878845,86.053391,50.726906,55.340851
78.878845,86.053391,50.726906,55.340851
78.651047,85.804886,50.954697,55.589367
78.651047,85.804886,50.954697,55.589367
78.651047,85.804886,50.954697,55.589367
78.651047,85.804886,50.954697,55.589367
78.651047,85.804886,50.954697,55.589367
78.423264,85.556374,51.182484,55.837875
78.423264,85.556374,51.182484,55.837875
78.423264,85.556374,51.182484,55.837875
78.423264,85.556374,51.182484,55.837875
78.423264,85.556374,51.182484,55.837875
78.819550,85.160095,51.441116,55.579243
78.819550,85.160095,51.441116,55.579243
78.819550,85.160095,51.441116,55.579243
78.819550,85.160095,51.441116,55.579243
79.048485,85.407448,51.212177,55.331886
78.651047,85.804886,50.954697,55.589367
78.878845,86.053391,50.726906,55.340851
78.878845,86.053391,50.726906,55.340851
78.878845,86.053391,50.726906,55.340851
78.878845,86.053391,50.726906,55.340851
79.048485,85.407448,51.212177,55.331886
79.048485,85.407448,51.212177,55.331886
79.048485,85.407448,51.212177,55.331886
79.048485,85.407448,51.212177,55.331886
79.048485,85.407448,51.212177,55.331886
78.878845,86.053391,50.726906,55.340851
78.878845,86.053391,50.726906,55.340851
78.878845,86.053391,50.726906,55.340851
78.878845,86.053391,50.726906,55.340851
79.106644,86.301910,50.499111,55.092342
79.106644,86.301910,50.499111,55.092342
79.334435,86.550423,50.271317,54.843826
79.334435,86.550423,50.271317,54.843826
79.106644,86.301910,50.499111,55.092342
78.878845,86.053391,50.726906,55.340851
78.878845,86.053391,50.726906,55.340851
78.651047,85.804886,50.954697,55.589367
78.423264,85.556374,51.182484,55.837875
78.423264,85.556374,51.182484,55.837875
78.195465,85.307861,51.410282,56.086380
78.195465,85.307861,51.410282,56.086380
77.967674,85.059349,51.638077,56.334904
77.967674,85.059349,51.638077,56.334904
78.195465,85.307861,51.410282,56.086380
78.423264,85.556374,51.182484,55.837875
78.651047,85.804886,50.954697,55.589367
78.878845,86.053391,50.726906,55.340851
79.106644,86.301910,50.499111,55.092342
79.106644,86.301910,50.499111,55.092342
79.106644,86.301910,50.499111,55.092342
79.735321,86.149529,50.525345,54.589798
79.735321,86.149529,50.525345,54.589798
79.735321,86.149529,50.525345,54.589798
79.506378,85.902176,50.754292,54.837162
79.277428,85.654808,50.983231,55.084522
79.277428,85.654808,50.983231,55.084522
79.048485,85.407448,51.212177,55.331886
78.819550,85.160095,51.441116,55.579243
78.819550,85.160095,51.441116,55.579243
78.819550,85.160095,51.441116,55.579243
78.423264,85.556374,51.182484,55.837875
78.423264,85.556374,51.182484,55.837875
78.423264,85.556374,51.182484,55.837875
78.423264,85.556374,51.182484,55.837875
78.423264,85.556374,51.182484,55.837875
78.819550,85.160095,51.441116,55.579243
78.819550,85.160095,51.441116,55.579243
78.819550,85.160095,51.441116,55.579243
78.819550,85.160095,51.441116,55.579243
78.590599,84.912727,51.670063,55.826603
78.195465,85.307861,51.410282,56.086380
77.967674,85.059349,51.638077,56.334904
77.967674,85.059349,51.638077,56.334904
78.195465,85.307861,51.410282,56.086380
78.195465,85.307861,51.410282,56.086380
78.423264,85.556374,51.182484,55.837875
78.423264,85.556374,51.182484,55.837875
78.651047,85.804886,50.954697,55.589367
78.651047,85.804886,50.954697,55.589367
78.480255,86.451981,50.470570,55.597183
78.480255,86.451981,50.470570,55.597183
78.307167,87.101387,49.988754,55.602699
78.307167,87.101387,49.988754,55.602699
77.683083,87.249153,49.957909,56.109844
77.683083,87.249153,49.957909,56.109844
77.061310,87.394623,49.924770,56.619286
77.061310,87.394623,49.924770,56.619286
76.441849,87.537796,49.889328,57.131035
76.441849,87.537796,49.889328,57.131035
76.441849,87.537796,49.889328,57.131035
77.061310,87.394623,49.924770,56.619286
77.061310,87.394623,49.924770,56.619286
77.061310,87.394623,49.924770,56.619286
77.458748,86.997185,50.182251,56.361805
77.856178,86.599754,50.439735,56.104324
78.081673,86.850563,50.214245,55.853512
78.480255,86.451981,50.470570,55.597183
78.878845,86.053391,50.726906,55.340851
78.480255,86.451981,50.470570,55.597183
77.856178,86.599754,50.439735,56.104324
77.856178,86.599754,50.439735,56.104324
77.234413,86.745232,50.406593,56.613773
76.838127,87.141510,50.147961,56.872402
76.838127,87.141510,50.147961,56.872402
76.614937,86.888390,50.371147,57.125519
76.219803,87.283524,50.111362,57.385303
75.997765,87.029259,50.333405,57.639572
75.997765,87.029259,50.333405,57.639572
75.775734,86.775002,50.555431,57.893833
76.168564,86.382172,50.817520,57.631744
75.945381,86.129051,51.040707,57.884865
76.337059,85.737373,51.303944,57.621628
76.112717,85.485413,51.528286,57.873592
76.337059,85.737373,51.303944,57.621628
76.337059,85.737373,51.303944,57.621628
76.168564,86.382172,50.817520,57.631744
76.168564,86.382172,50.817520,57.631744
76.391747,86.635277,50.594337,57.378639
76.391747,86.635277,50.594337,57.378639
76.391747,86.635277,50.594337,57.378639
75.997765,87.029259,50.333405,57.639572
75.997765,87.029259,50.333405,57.639572
75.997765,87.029259,50.333405,57.639572
76.391747,86.635277,50.594337,57.378639
76.391747,86.635277,50.594337,57.378639
76.561394,85.989349,51.079605,57.369659
76.561394,85.989349,51.079605,57.369659
76.954231,85.596504,51.341690,57.107574
76.954231,85.596504,51.341690,57.107574
76.728737,85.345695,51.567184,57.358387
76.728737,85.345695,51.567184,57.358387
76.503250,85.094879,51.792671,57.609207
76.503250,85.094879,51.792671,57.609207
76.728737,85.345695,51.567184,57.358387
76.954231,85.596504,51.341690,57.107574
76.785728,86.241302,50.855274,57.117699
77.010071,86.493256,50.630932,56.865734
77.234413,86.745232,50.406593,56.613773
77.234413,86.745232,50.406593,56.613773
76.838127,87.141510,50.147961,56.872402
76.838127,87.141510,50.147961,56.872402
76.441849,87.537796,49.889328,57.131035
76.441849,87.537796,49.889328,57.131035
76.441849,87.537796,49.889328,57.131035
75.824669,87.678665,49.851578,57.645088
75.824669,87.678665,49.851578,57.645088
75.209801,87.817230,49.811535,58.161442
75.209801,87.817230,49.811535,58.161442
75.824669,87.678665,49.851578,57.645088
76.838127,87.141510,50.147961,56.872402
77.234413,86.745232,50.406593,56.613773
78.253616,86.202316,50.697216,55.846848
78.878845,86.053391,50.726906,55.340851
78.480255,86.451981,50.470570,55.597183
77.856178,86.599754,50.439735,56.104324
77.856178,86.599754,50.439735,56.104324
77.234413,86.745232,50.406593,56.613773
76.838127,87.141510,50.147961,56.872402
75.824669,87.678665,49.851578,57.645088
75.209801,87.817230,49.811535,58.161442
74.204414,88.346321,49.507092,58.942177
73.595299,88.479134,49.461285,59.464283
72.597961,89.000168,49.148792,60.253082
72.988487,88.609642,49.413185,59.988697
73.379021,88.219109,49.677567,59.724308
73.379021,88.219109,49.677567,59.724308
73.769547,87.828583,49.941959,59.459915
74.160072,87.438057,50.206345,59.195534
74.770340,87.304092,50.250996,58.674572
75.382904,87.167831,50.293346,58.155918
75.603783,87.423241,50.072464,57.900509
76.219803,87.283524,50.111362,57.385303
76.838127,87.141510,50.147961,56.872402
76.441849,87.537796,49.889328,57.131035
75.824669,87.678665,49.851578,57.645088
75.034401,88.468925,49.332012,58.164654
74.421837,88.605186,49.289661,58.683311
74.027855,88.999168,49.028732,58.944248
73.025917,89.524811,48.720837,59.728432
72.240257,90.310478,48.196667,60.252602
71.245216,90.829216,47.881866,61.043701
70.461861,91.612572,47.355392,61.570175
69.473732,92.124397,47.033691,62.368187
69.678497,92.395935,46.828915,62.096649
69.490440,93.060295,46.362061,62.087204
69.694054,93.332970,46.158447,61.814529
69.502541,94.000778,45.695045,61.801624
69.705017,94.274628,45.492573,61.527786
70.101295,93.878349,45.751205,61.269154
71.099785,93.356155,46.062550,60.481510
71.497215,92.958717,46.320030,60.224030
72.501465,92.430771,46.625622,59.442139
72.900047,92.032188,46.881947,59.185806
73.298637,91.633591,47.138283,58.929478
73.697220,91.235016,47.394608,58.673149
74.494392,90.437843,47.907272,58.160484
74.892982,90.039261,48.163597,57.904156
75.291565,89.640671,48.419933,57.647827
75.074135,89.381798,48.637363,57.906693
74.856705,89.122940,48.854794,58.165565
74.027855,88.999168,49.028732,58.944248
73.811577,88.739159,49.245007,59.204262
73.595299,88.479134,49.461285,59.464283
73.595299,88.479134,49.461285,59.464283
73.595299,88.479134,49.461285,59.464283
73.811577,88.739159,49.245007,59.204262
73.811577,88.739159,49.245007,59.204262
73.811577,88.739159,49.245007,59.204262
74.421837,88.605186,49.289661,58.683311
75.252991,88.726654,49.113426,57.906933
75.869003,88.586937,49.152325,57.391735
76.708214,88.700340,48.968037,56.623417
77.329994,88.554863,49.001175,56.113968
77.730881,88.153976,49.255203,55.859940
78.532654,87.352203,49.763260,55.351883
78.933548,86.951309,50.017288,55.097855
79.735321,86.149529,50.525345,54.589798
80.136208,85.748650,50.779373,54.335770
80.074600,84.857635,51.495895,54.571861
79.612122,84.367523,51.958385,55.061977
79.776001,83.727325,52.449413,55.047253
79.311211,83.239525,52.914204,55.535057
79.236946,82.361183,53.643387,55.758492
79.704041,82.846703,53.176289,55.272972
79.937584,83.089447,52.942749,55.030228
80.404686,83.574959,52.475651,54.544712
80.638229,83.817703,52.242104,54.301956
81.105331,84.303223,51.775009,53.816444
81.505066,83.903488,52.030190,53.561264
81.505066,83.903488,52.030190,53.561264
81.668945,83.263290,52.521217,53.546539
81.668945,83.263290,52.521217,53.546539
82.067535,82.864700,52.777550,53.290207
81.751663,81.751663,53.748337,53.748337
81.428894,80.645538,54.726021,54.199547
80.710983,79.934525,55.443932,54.910553
80.377853,78.838760,56.431984,55.351410
80.037811,77.749893,57.426945,55.785362
80.521011,78.219284,56.943729,55.315968
80.762627,78.453987,56.702126,55.081268
81.632904,78.536301,56.486759,54.344028
81.875664,78.769844,56.244003,54.110485
82.361183,79.236946,55.758492,53.643387
82.361183,79.236946,55.758492,53.643387
82.995613,79.078819,55.778969,53.146595
82.995613,79.078819,55.778969,53.146595
83.632355,78.918381,55.797142,52.652119
83.632355,78.918381,55.797142,52.652119
83.632355,78.918381,55.797142,52.652119
83.387299,78.687134,56.042206,52.883358
83.387299,78.687134,56.042206,52.883358
83.142235,78.455894,56.287266,53.114613
83.142235,78.455894,56.287266,53.114613
82.751709,78.846420,56.022877,53.379005
82.603935,79.470497,55.515732,53.409836
81.820580,80.253853,54.989258,53.936310
81.668198,80.882538,54.486717,53.962547
81.275368,81.275368,54.224632,54.224632
79.862175,82.212257,53.673073,55.252495
78.846420,82.751709,53.379005,56.022877
77.445892,83.675934,52.814781,57.063400
76.440491,84.205017,52.510342,57.844139
75.052620,85.116585,51.933460,58.897327
75.888382,85.233444,51.752628,58.125557
76.503250,85.094879,51.792671,57.609207
77.739891,84.810837,51.865860,56.583405
78.361656,84.665375,51.899010,56.073963
79.215836,84.763809,51.699753,55.320610
80.008400,83.971237,52.217018,54.803345
80.566261,82.937057,52.968983,54.527687
81.751663,81.751663,53.748337,53.748337
82.301476,80.725548,54.508358,53.464619
83.089447,79.937584,55.030228,52.942749
84.025185,78.525551,56.059227,52.390034
85.203674,77.347061,56.845490,51.603775
86.129051,75.945381,57.884865,51.040707
87.304092,74.770340,58.674572,50.250996
88.219109,73.379021,59.724308,49.677567
88.219109,73.379021,59.724308,49.677567
88.609642,72.988487,59.988697,49.413185
88.870811,73.203621,59.727520,49.198048
89.262489,72.811943,59.990757,48.934811
89.262489,72.811943,59.990757,48.934811
88.479134,73.595299,59.464283,49.461285
87.695770,74.378662,58.937809,49.987759
87.047516,74.550606,58.931141,50.470734
86.266464,75.331665,58.402367,50.999508
85.485413,76.112717,57.873592,51.528286
83.675934,77.445892,57.063400,52.814781
81.875664,78.769844,56.244003,54.110485
80.084602,80.084602,55.415394,55.415394
78.302757,81.390160,54.577579,56.729515
76.530121,82.686493,53.730553,58.052841
76.373138,83.319778,53.232616,58.074474
76.600922,83.568283,53.004826,57.825962
76.440491,84.205017,52.510342,57.844139
76.667137,84.454689,52.283703,57.594479
76.503250,85.094879,51.792671,57.609207
77.512100,84.562332,52.093651,56.831913
78.525551,84.025185,52.390034,56.059227
79.543602,83.483421,52.681816,55.291161
80.566261,82.937057,52.968983,54.527687
81.593536,82.386116,53.251549,53.768814
82.782394,81.197250,54.027447,52.992916
83.971237,80.008400,54.803345,52.217018
85.160095,78.819550,55.579243,51.441116
86.348946,77.630699,56.355141,50.665226
87.537796,76.441849,57.131035,49.889328
88.073792,75.429535,57.904869,49.591797
88.605186,74.421837,58.683311,49.289661
89.393158,73.633873,59.205181,48.767799
89.917648,72.633087,59.990517,48.458752
90.437531,71.636902,60.780464,48.145103
89.654182,72.420258,60.253994,48.671574
89.262489,72.811943,59.990757,48.934811
88.219109,73.379021,59.724308,49.677567
87.828583,73.769547,59.459915,49.941959
87.047516,74.550606,58.931141,50.470734
86.912415,75.162018,58.411331,50.514233
86.775002,75.775734,57.893833,50.555431
86.635277,76.391747,57.378639,50.594337
86.493256,77.010071,56.865734,50.630932
86.348946,77.630699,56.355141,50.665226
86.348946,77.630699,56.355141,50.665226
86.348946,77.630699,56.355141,50.665226
86.348946,77.630699,56.355141,50.665226
86.348946,77.630699,56.355141,50.665226
86.348946,77.630699,56.355141,50.665226
87.141510,76.838127,56.872402,50.147961
87.537796,76.441849,57.131035,49.889328
88.330368,75.649277,57.648300,49.372059
88.726654,75.252991,57.906933,49.113426
89.519218,74.460426,58.424198,48.596169
89.915504,74.064140,58.682831,48.337536
90.311790,73.667854,58.941463,48.078903
90.708076,73.271568,59.200096,47.820267
91.104355,72.875290,59.458729,47.561634
91.500641,72.479004,59.717361,47.303001
91.104355,72.875290,59.458729,47.561634
90.311790,73.667854,58.941463,48.078903
89.915504,74.064140,58.682831,48.337536
89.122940,74.856705,58.165565,48.854794
88.726654,75.252991,57.906933,49.113426
88.468925,75.034401,58.164654,49.332012
88.468925,75.034401,58.164654,49.332012
87.817230,75.209801,58.161442,49.811535
87.817230,75.209801,58.161442,49.811535
87.560661,74.990074,58.418003,50.031261
88.211205,74.815819,58.422379,49.550594
88.211205,74.815819,58.422379,49.550594
88.864059,74.639267,58.424438,49.072227
88.864059,74.639267,58.424438,49.072227
89.519218,74.460426,58.424198,48.596169
89.519218,74.460426,58.424198,48.596169
89.122940,74.856705,58.165565,48.854794
89.122940,74.856705,58.165565,48.854794
88.726654,75.252991,57.906933,49.113426
88.726654,75.252991,57.906933,49.113426
88.726654,75.252991,57.906933,49.113426
88.726654,75.252991,57.906933,49.113426
88.330368,75.649277,57.648300,49.372059
88.330368,75.649277,57.648300,49.372059
88.330368,75.649277,57.648300,49.372059
88.586937,75.869003,57.391735,49.152325
89.242081,75.690155,57.391495,48.676258
89.499802,75.908745,57.133774,48.457680
90.158417,75.726440,57.130081,47.985062
90.417282,75.943863,56.871212,47.767635
90.676155,76.161293,56.612343,47.550201
90.676155,76.161293,56.612343,47.550201
91.339378,75.974396,56.604050,47.082199
91.339378,75.974396,56.604050,47.082199
91.599396,76.190674,56.344025,46.865913
91.599396,76.190674,56.344025,46.865913
91.339378,75.974396,56.604050,47.082199
91.339378,75.974396,56.604050,47.082199
91.079346,75.758102,56.864067,47.298477
91.079346,75.758102,56.864067,47.298477
90.417282,75.943863,56.871212,47.767635
90.158417,75.726440,57.130081,47.985062
89.757530,76.127327,56.876053,48.239090
89.499802,75.908745,57.133774,48.457680
88.843498,76.088737,57.135166,48.932594
88.843498,76.088737,57.135166,48.932594
88.843498,76.088737,57.135166,48.932594
89.242081,75.690155,57.391495,48.676258
89.242081,75.690155,57.391495,48.676258
89.242081,75.690155,57.391495,48.676258
89.242081,75.690155,57.391495,48.676258
89.242081,75.690155,57.391495,48.676258
89.381798,75.074135,57.906693,48.637363
89.381798,75.074135,57.906693,48.637363
89.381798,75.074135,57.906693,48.637363
89.381798,75.074135,57.906693,48.637363
89.381798,75.074135,57.906693,48.637363
88.726654,75.252991,57.906933,49.113426
88.726654,75.252991,57.906933,49.113426
88.726654,75.252991,57.906933,49.113426
88.984367,75.471565,57.649216,48.894844
89.242081,75.690155,57.391495,48.676258
89.640671,75.291565,57.647827,48.419933
89.899551,75.509003,57.388954,48.202499
90.158417,75.726440,57.130081,47.985062
90.158417,75.726440,57.130081,47.985062
90.158417,75.726440,57.130081,47.985062
89.899551,75.509003,57.388954,48.202499
89.899551,75.509003,57.388954,48.202499
89.899551,75.509003,57.388954,48.202499
89.640671,75.291565,57.647827,48.419933
89.242081,75.690155,57.391495,48.676258
88.984367,75.471565,57.649216,48.894844
88.586937,75.869003,57.391735,49.152325
88.330368,75.649277,57.648300,49.372059
88.330368,75.649277,57.648300,49.372059
87.934082,76.045563,57.389671,49.630692
87.934082,76.045563,57.389671,49.630692
87.537796,76.441849,57.131035,49.889328
87.537796,76.441849,57.131035,49.889328
87.537796,76.441849,57.131035,49.889328
87.537796,76.441849,57.131035,49.889328
87.792061,76.663872,56.876766,49.667290
87.792061,76.663872,56.876766,49.667290
87.792061,76.663872,56.876766,49.667290
88.189491,76.266441,57.134254,49.409809
88.189491,76.266441,57.134254,49.409809
88.843498,76.088737,57.135166,48.932594
88.843498,76.088737,57.135166,48.932594
89.242081,75.690155,57.391495,48.676258
89.242081,75.690155,57.391495,48.676258
89.640671,75.291565,57.647827,48.419933
89.899551,75.509003,57.388954,48.202499
90.299286,75.109268,57.644135,47.947319
90.299286,75.109268,57.644135,47.947319
90.299286,75.109268,57.644135,47.947319
89.899551,75.509003,57.388954,48.202499
90.158417,75.726440,57.130081,47.985062
89.757530,76.127327,56.876053,48.239090
89.757530,76.127327,56.876053,48.239090
89.757530,76.127327,56.876053,48.239090
89.499802,75.908745,57.133774,48.457680
89.499802,75.908745,57.133774,48.457680
89.242081,75.690155,57.391495,48.676258
89.242081,75.690155,57.391495,48.676258
89.242081,75.690155,57.391495,48.676258
88.984367,75.471565,57.649216,48.894844
88.984367,75.471565,57.649216,48.894844
88.726654,75.252991,57.906933,49.113426
88.726654,75.252991,57.906933,49.113426
88.726654,75.252991,57.906933,49.113426
88.726654,75.252991,57.906933,49.113426
88.984367,75.471565,57.649216,48.894844
88.984367,75.471565,57.649216,48.894844
88.984367,75.471565,57.649216,48.894844
88.984367,75.471565,57.649216,48.894844
88.984367,75.471565,57.649216,48.894844
88.330368,75.649277,57.648300,49.372059
88.330368,75.649277,57.648300,49.372059
88.330368,75.649277,57.648300,49.372059
88.330368,75.649277,57.648300,49.372059
88.073792,75.429535,57.904869,49.591797
88.468925,75.034401,58.164654,49.332012
88.211205,74.815819,58.422379,49.550594
88.211205,74.815819,58.422379,49.550594
88.211205,74.815819,58.422379,49.550594
88.468925,75.034401,58.164654,49.332012
88.073792,75.429535,57.904869,49.591797
88.330368,75.649277,57.648300,49.372059
88.330368,75.649277,57.648300,49.372059
88.586937,75.869003,57.391735,49.152325
89.100075,76.308479,56.878597,48.712856
89.757530,76.127327,56.876053,48.239090
90.272972,76.564484,56.360615,47.801929
90.530693,76.783073,56.102894,47.583344
90.272972,76.564484,56.360615,47.801929
90.676155,76.161293,56.612343,47.550201
90.417282,75.943863,56.871212,47.767635
90.819313,75.541824,57.124092,47.514755
90.559303,75.325546,57.384109,47.731033
90.299286,75.109268,57.644135,47.947319
90.299286,75.109268,57.644135,47.947319
90.039261,74.892982,57.904156,48.163597
90.039261,74.892982,57.904156,48.163597
89.779236,74.676697,58.164173,48.379883
89.779236,74.676697,58.164173,48.379883
90.176666,74.279266,58.421654,48.122402
89.915504,74.064140,58.682831,48.337536
90.311790,73.667854,58.941463,48.078903
90.311790,73.667854,58.941463,48.078903
90.574104,73.881828,58.679142,47.864918
90.574104,73.881828,58.679142,47.864918
91.235016,73.697220,58.673149,47.394608
91.235016,73.697220,58.673149,47.394608
91.498497,73.910057,58.409672,47.181782
91.498497,73.910057,58.409672,47.181782
91.235016,73.697220,58.673149,47.394608
91.235016,73.697220,58.673149,47.394608
90.971542,73.484390,58.936623,47.607437
90.971542,73.484390,58.936623,47.607437
90.971542,73.484390,58.936623,47.607437
90.971542,73.484390,58.936623,47.607437
90.708076,73.271568,59.200096,47.820267
90.708076,73.271568,59.200096,47.820267
90.708076,73.271568,59.200096,47.820267
91.104355,72.875290,59.458729,47.561634
91.104355,72.875290,59.458729,47.561634
91.500641,72.479004,59.717361,47.303001
91.500641,72.479004,59.717361,47.303001
91.896927,72.082718,59.975998,47.044369
91.896927,72.082718,59.975998,47.044369
92.163841,72.292091,59.709061,46.834995
92.163841,72.292091,59.709061,46.834995
92.430771,72.501465,59.442139,46.625622
92.430771,72.501465,59.442139,46.625622
92.430771,72.501465,59.442139,46.625622
92.430771,72.501465,59.442139,46.625622
91.766403,72.689522,59.451584,47.092476
91.766403,72.689522,59.451584,47.092476
91.766403,72.689522,59.451584,47.092476
91.766403,72.689522,59.451584,47.092476
92.163841,72.292091,59.709061,46.834995
91.896927,72.082718,59.975998,47.044369
92.293205,71.686440,60.234631,46.785736
92.293205,71.686440,60.234631,46.785736
92.293205,71.686440,60.234631,46.785736
92.689491,71.290154,60.493263,46.527103
92.689491,71.290154,60.493263,46.527103
93.085785,70.893867,60.751896,46.268471
93.085785,70.893867,60.751896,46.268471
92.815384,70.687943,61.022274,46.474388
92.420258,71.083069,60.762489,46.734177
92.151024,70.875999,61.031723,46.941254
91.757042,71.269981,60.770790,47.202187
91.488968,71.061768,61.038864,47.410404
91.488968,71.061768,61.038864,47.410404
91.488968,71.061768,61.038864,47.410404
91.488968,71.061768,61.038864,47.410404
91.488968,71.061768,61.038864,47.410404
91.488968,71.061768,61.038864,47.410404
91.488968,71.061768,61.038864,47.410404
91.881805,70.668930,61.300949,47.148319
91.881805,70.668930,61.300949,47.148319
92.274635,70.276100,61.563034,46.886234
92.274635,70.276100,61.563034,46.886234
92.004250,70.070183,61.833412,47.092152
91.343338,70.254791,61.839413,47.562466
91.343338,70.254791,61.839413,47.562466
90.684723,70.437096,61.843102,48.035080
90.416649,70.228859,62.111183,48.243301
90.416649,70.228859,62.111183,48.243301
90.416649,70.228859,62.111183,48.243301
90.416649,70.228859,62.111183,48.243301
90.416649,70.228859,62.111183,48.243301
90.416649,70.228859,62.111183,48.243301
90.684723,70.437096,61.843102,48.035080
90.952812,70.645317,61.575024,47.826855
91.220901,70.853539,61.306938,47.618629
91.488968,71.061768,61.038864,47.410404
91.757042,71.269981,60.770790,47.202187
91.757042,71.269981,60.770790,47.202187
92.025124,71.478203,60.502705,46.993961
92.025124,71.478203,60.502705,46.993961
92.293205,71.686440,60.234631,46.785736
92.293205,71.686440,60.234631,46.785736
92.025124,71.478203,60.502705,46.993961
91.757042,71.269981,60.770790,47.202187
91.096146,71.454597,60.776779,47.672489
90.829216,71.245216,61.043701,47.881866
90.562286,71.035843,61.310635,48.091244
90.562286,71.035843,61.310635,48.091244
90.562286,71.035843,61.310635,48.091244
90.952812,70.645317,61.575024,47.826855
90.952812,70.645317,61.575024,47.826855
90.952812,70.645317,61.575024,47.826855
90.684723,70.437096,61.843102,48.035080
90.684723,70.437096,61.843102,48.035080
90.416649,70.228859,62.111183,48.243301
90.416649,70.228859,62.111183,48.243301
90.148567,70.020638,62.379261,48.451527
90.416649,70.228859,62.111183,48.243301
90.416649,70.228859,62.111183,48.243301
90.295364,70.826469,61.577564,48.300613
90.295364,70.826469,61.577564,48.300613
90.562286,71.035843,61.310635,48.091244
90.562286,71.035843,61.310635,48.091244
90.829216,71.245216,61.043701,47.881866
90.829216,71.245216,61.043701,47.881866
91.096146,71.454597,60.776779,47.672489
91.096146,71.454597,60.776779,47.672489
91.363060,71.663963,60.509853,47.463123
91.363060,71.663963,60.509853,47.463123
91.629990,71.873337,60.242924,47.253738
91.629990,71.873337,60.242924,47.253738
91.896927,72.082718,59.975998,47.044369
91.896927,72.082718,59.975998,47.044369
91.896927,72.082718,59.975998,47.044369
91.896927,72.082718,59.975998,47.044369
91.896927,72.082718,59.975998,47.044369
91.896927,72.082718,59.975998,47.044369
91.896927,72.082718,59.975998,47.044369
91.629990,71.873337,60.242924,47.253738
92.025124,71.478203,60.502705,46.993961
91.757042,71.269981,60.770790,47.202187
91.757042,71.269981,60.770790,47.202187
91.757042,71.269981,60.770790,47.202187
92.025124,71.478203,60.502705,46.993961
92.025124,71.478203,60.502705,46.993961
92.293205,71.686440,60.234631,46.785736
92.293205,71.686440,60.234631,46.785736
92.293205,71.686440,60.234631,46.785736
92.025124,71.478203,60.502705,46.993961
92.025124,71.478203,60.502705,46.993961
91.757042,71.269981,60.770790,47.202187
91.757042,71.269981,60.770790,47.202187
91.757042,71.269981,60.770790,47.202187
92.025124,71.478203,60.502705,46.993961
91.629990,71.873337,60.242924,47.253738
91.896927,72.082718,59.975998,47.044369
91.896927,72.082718,59.975998,47.044369
91.896927,72.082718,59.975998,47.044369
91.896927,72.082718,59.975998,47.044369
92.293205,71.686440,60.234631,46.785736
92.293205,71.686440,60.234631,46.785736
92.293205,71.686440,60.234631,46.785736
92.561279,71.894653,59.966549,46.577511
92.829369,72.102875,59.698467,46.369286
93.365524,72.519333,59.162308,45.952843
93.633591,72.727547,58.894230,45.744617
93.901672,72.935776,58.626152,45.536392
93.901672,72.935776,58.626152,45.536392
93.901672,72.935776,58.626152,45.536392
93.633591,72.727547,58.894230,45.744617
93.633591,72.727547,58.894230,45.744617
93.633591,72.727547,58.894230,45.744617
93.633591,72.727547,58.894230,45.744617
93.633591,72.727547,58.894230,45.744617
92.964638,72.920219,58.908279,46.206863
92.964638,72.920219,58.908279,46.206863
92.964638,72.920219,58.908279,46.206863
93.231560,73.129585,58.641354,45.997494
93.498489,73.338959,58.374424,45.788120
93.901672,72.935776,58.626152,45.536392
94.169769,73.144005,58.358070,45.328171
94.437843,73.352226,58.089989,45.119946
94.705910,73.560448,57.821915,44.911720
94.973991,73.768669,57.553829,44.703495
94.973991,73.768669,57.553829,44.703495
95.242081,73.976898,57.285755,44.495277
95.510162,74.185120,57.017677,44.287052
95.510162,74.185120,57.017677,44.287052
95.510162,74.185120,57.017677,44.287052
95.778229,74.393349,56.749599,44.078835
95.778229,74.393349,56.749599,44.078835
95.778229,74.393349,56.749599,44.078835
95.510162,74.185120,57.017677,44.287052
95.242081,73.976898,57.285755,44.495277
94.566200,74.176460,57.306709,44.950615
94.299271,73.967087,57.573639,45.159996
94.032341,73.757721,57.840565,45.369370
94.032341,73.757721,57.840565,45.369370
93.765419,73.548347,58.107498,45.578747
94.169769,73.144005,58.358070,45.328171
93.901672,72.935776,58.626152,45.536392
93.901672,72.935776,58.626152,45.536392
94.304863,72.532585,58.877876,45.284668
94.304863,72.532585,58.877876,45.284668
94.978447,72.335320,58.859222,44.827015
94.978447,72.335320,58.859222,44.827015
95.382790,71.930977,59.109798,44.576439
95.382790,71.930977,59.109798,44.576439
95.382790,71.930977,59.109798,44.576439
94.708054,72.129395,59.129604,45.032940
94.708054,72.129395,59.129604,45.032940
94.708054,72.129395,59.129604,45.032940
94.304863,72.532585,58.877876,45.284668
94.304863,72.532585,58.877876,45.284668
94.169769,73.144005,58.358070,45.328171
94.169769,73.144005,58.358070,45.328171
93.765419,73.548347,58.107498,45.578747
93.765419,73.548347,58.107498,45.578747
93.765419,73.548347,58.107498,45.578747
94.437843,73.352226,58.089989,45.119946
94.437843,73.352226,58.089989,45.119946
94.437843,73.352226,58.089989,45.119946
94.843338,72.946732,58.339413,44.870522
94.843338,72.946732,58.339413,44.870522
95.248825,72.541245,58.588844,44.621098
95.248825,72.541245,58.588844,44.621098
95.654320,72.135750,58.838268,44.371674
96.059814,71.730255,59.087692,44.122250
96.332489,71.933868,58.815006,43.918629
96.739143,71.527222,59.063278,43.670357
97.012970,71.729691,58.789440,43.467884
97.420761,71.321899,59.036564,43.220760
96.739143,71.527222,59.063278,43.670357
96.465309,71.324760,59.337112,43.872826
96.059814,71.730255,59.087692,44.122250
95.787132,71.526634,59.360374,44.325871
95.111237,71.726204,59.381329,44.781216
95.111237,71.726204,59.381329,44.781216
95.111237,71.726204,59.381329,44.781216
95.382790,71.930977,59.109798,44.576439
95.382790,71.930977,59.109798,44.576439
95.382790,71.930977,59.109798,44.576439
95.787132,71.526634,59.360374,44.325871
96.191475,71.122292,59.610947,44.075294
96.320824,70.516632,60.136509,44.026035
96.724014,70.113434,60.388237,43.774307
97.127197,69.710251,60.639961,43.522583
97.530388,69.307060,60.891685,43.270859
97.653992,68.707153,61.423004,43.215843
97.653992,68.707153,61.423004,43.215843
97.775299,68.109558,61.956619,43.158531
98.176178,67.708672,62.210648,42.904503
98.176178,67.708672,62.210648,42.904503
98.176178,67.708672,62.210648,42.904503
98.056038,68.305115,61.675880,42.962967
98.056038,68.305115,61.675880,42.962967
98.056038,68.305115,61.675880,42.962967
98.336769,68.500679,61.395138,42.767406
98.336769,68.500679,61.395138,42.767406
98.213181,69.100586,60.863823,42.822418
98.213181,69.100586,60.863823,42.822418
98.492767,69.297302,60.584232,42.625710
98.492767,69.297302,60.584232,42.625710
98.213181,69.100586,60.863823,42.822418
97.808838,69.504929,60.613247,43.072994
97.530388,69.307060,60.891685,43.270859
97.530388,69.307060,60.891685,43.270859
97.530388,69.307060,60.891685,43.270859
97.530388,69.307060,60.891685,43.270859
97.251953,69.109192,61.170120,43.468727
97.251953,69.109192,61.170120,43.468727
97.251953,69.109192,61.170120,43.468727
96.973518,68.911339,61.448563,43.666588
96.695091,68.713470,61.727005,43.864449
96.295349,69.113205,61.471825,44.119629
96.018044,68.914185,61.749111,44.318649
95.740761,68.715172,62.026402,44.517654
95.740761,68.715172,62.026402,44.517654
95.740761,68.715172,62.026402,44.517654
95.067200,68.912445,62.045055,44.975307
95.067200,68.912445,62.045055,44.975307
95.067200,68.912445,62.045055,44.975307
95.067200,68.912445,62.045055,44.975307
95.067200,68.912445,62.045055,44.975307
95.067200,68.912445,62.045055,44.975307
95.067200,68.912445,62.045055,44.975307
95.067200,68.912445,62.045055,44.975307
95.343330,69.112602,61.768917,44.775143
95.343330,69.112602,61.768917,44.775143
96.018044,68.914185,61.749111,44.318649
96.018044,68.914185,61.749111,44.318649
96.295349,69.113205,61.471825,44.119629
96.295349,69.113205,61.471825,44.119629
96.572639,69.312225,61.194534,43.920609
96.973518,68.911339,61.448563,43.666588
97.251953,69.109192,61.170120,43.468727
97.251953,69.109192,61.170120,43.468727
96.973518,68.911339,61.448563,43.666588
96.695091,68.713470,61.727005,43.864449
97.094818,68.313736,61.982182,43.609272
96.815224,68.117012,62.261772,43.805984
96.535622,67.920303,62.541363,44.002697
96.535622,67.920303,62.541363,44.002697
96.535622,67.920303,62.541363,44.002697
96.256058,67.723595,62.820953,44.199409
96.256058,67.723595,62.820953,44.199409
96.256058,67.723595,62.820953,44.199409
96.256058,67.723595,62.820953,44.199409
96.256058,67.723595,62.820953,44.199409
96.256058,67.723595,62.820953,44.199409
96.256058,67.723595,62.820953,44.199409
96.256058,67.723595,62.820953,44.199409
96.256058,67.723595,62.820953,44.199409
96.256058,67.723595,62.820953,44.199409
96.652336,67.327309,63.079586,43.940777
96.652336,67.327309,63.079586,43.940777
96.652336,67.327309,63.079586,43.940777
96.652336,67.327309,63.079586,43.940777
96.933067,67.522865,62.798843,43.745216
96.933067,67.522865,62.798843,43.745216
97.213806,67.718430,62.518105,43.549652
97.213806,67.718430,62.518105,43.549652
97.213806,67.718430,62.518105,43.549652
97.213806,67.718430,62.518105,43.549652
97.494560,67.913994,62.237362,43.354092
97.494560,67.913994,62.237362,43.354092
97.494560,67.913994,62.237362,43.354092
97.213806,67.718430,62.518105,43.549652
97.213806,67.718430,62.518105,43.549652
96.933067,67.522865,62.798843,43.745216
96.933067,67.522865,62.798843,43.745216
96.652336,67.327309,63.079586,43.940777
96.652336,67.327309,63.079586,43.940777
96.371582,67.131744,63.360329,44.136341
96.371582,67.131744,63.360329,44.136341
96.090843,66.936180,63.641068,44.331905
96.090843,66.936180,63.641068,44.331905
96.090843,66.936180,63.641068,44.331905
96.090843,66.936180,63.641068,44.331905
96.090843,66.936180,63.641068,44.331905
96.090843,66.936180,63.641068,44.331905
96.090843,66.936180,63.641068,44.331905
96.090843,66.936180,63.641068,44.331905
96.090843,66.936180,63.641068,44.331905
96.090843,66.936180,63.641068,44.331905
96.090843,66.936180,63.641068,44.331905
96.090843,66.936180,63.641068,44.331905
96.090843,66.936180,63.641068,44.331905
96.371582,67.131744,63.360329,44.136341
96.371582,67.131744,63.360329,44.136341
96.652336,67.327309,63.079586,43.940777
96.652336,67.327309,63.079586,43.940777
96.652336,67.327309,63.079586,43.940777
96.652336,67.327309,63.079586,43.940777
97.048615,66.931030,63.338219,43.682144
97.048615,66.931030,63.338219,43.682144
97.048615,66.931030,63.338219,43.682144
97.048615,66.931030,63.338219,43.682144
97.048615,66.931030,63.338219,43.682144
96.652336,67.327309,63.079586,43.940777
96.652336,67.327309,63.079586,43.940777
96.652336,67.327309,63.079586,43.940777
96.652336,67.327309,63.079586,43.940777
96.652336,67.327309,63.079586,43.940777
96.535622,67.920303,62.541363,44.002697
96.535622,67.920303,62.541363,44.002697
96.535622,67.920303,62.541363,44.002697
96.535622,67.920303,62.541363,44.002697
96.535622,67.920303,62.541363,44.002697
95.859764,68.119881,62.562321,44.458042
95.859764,68.119881,62.562321,44.458042
95.859764,68.119881,62.562321,44.458042
95.859764,68.119881,62.562321,44.458042
95.581322,67.922005,62.840763,44.655907
95.581322,67.922005,62.840763,44.655907
95.302879,67.724144,63.119198,44.853775
95.302879,67.724144,63.119198,44.853775
95.302879,67.724144,63.119198,44.853775
95.302879,67.724144,63.119198,44.853775
95.302879,67.724144,63.119198,44.853775
95.302879,67.724144,63.119198,44.853775
95.302879,67.724144,63.119198,44.853775
95.581322,67.922005,62.840763,44.655907
95.581322,67.922005,62.840763,44.655907
95.859764,68.119881,62.562321,44.458042
95.859764,68.119881,62.562321,44.458042
96.138206,68.317734,62.283882,44.260178
96.138206,68.317734,62.283882,44.260178
96.138206,68.317734,62.283882,44.260178
95.859764,68.119881,62.562321,44.458042
95.859764,68.119881,62.562321,44.458042
95.859764,68.119881,62.562321,44.458042
95.859764,68.119881,62.562321,44.458042
95.859764,68.119881,62.562321,44.458042
96.256058,67.723595,62.820953,44.199409
96.256058,67.723595,62.820953,44.199409
96.256058,67.723595,62.820953,44.199409
96.256058,67.723595,62.820953,44.199409
96.652336,67.327309,63.079586,43.940777
96.652336,67.327309,63.079586,43.940777
97.048615,66.931030,63.338219,43.682144
97.048615,66.931030,63.338219,43.682144
97.048615,66.931030,63.338219,43.682144
97.048615,66.931030,63.338219,43.682144
97.444901,66.534744,63.596848,43.423515
97.444901,66.534744,63.596848,43.423515
97.444901,66.534744,63.596848,43.423515
97.444901,66.534744,63.596848,43.423515
97.444901,66.534744,63.596848,43.423515
97.444901,66.534744,63.596848,43.423515
97.444901,66.534744,63.596848,43.423515
97.444901,66.534744,63.596848,43.423515
97.444901,66.534744,63.596848,43.423515
97.444901,66.534744,63.596848,43.423515
97.727936,66.727997,63.313805,43.230255
97.727936,66.727997,63.313805,43.230255
97.727936,66.727997,63.313805,43.230255
97.727936,66.727997,63.313805,43.230255
97.727936,66.727997,63.313805,43.230255
98.010979,66.921257,63.030762,43.036999
98.010979,66.921257,63.030762,43.036999
98.010979,66.921257,63.030762,43.036999
98.010979,66.921257,63.030762,43.036999
97.727936,66.727997,63.313805,43.230255
97.727936,66.727997,63.313805,43.230255
97.444901,66.534744,63.596848,43.423515
97.444901,66.534744,63.596848,43.423515
97.444901,66.534744,63.596848,43.423515
97.444901,66.534744,63.596848,43.423515
97.444901,66.534744,63.596848,43.423515
97.444901,66.534744,63.596848,43.423515
97.444901,66.534744,63.596848,43.423515
97.444901,66.534744,63.596848,43.423515
97.444901,66.534744,63.596848,43.423515
97.444901,66.534744,63.596848,43.423515
97.444901,66.534744,63.596848,43.423515
97.444901,66.534744,63.596848,43.423515
97.444901,66.534744,63.596848,43.423515
97.444901,66.534744,63.596848,43.423515
97.727936,66.727997,63.313805,43.230255
97.727936,66.727997,63.313805,43.230255
97.727936,66.727997,63.313805,43.230255
97.727936,66.727997,63.313805,43.230255
97.727936,66.727997,63.313805,43.230255
97.444901,66.534744,63.596848,43.423515
97.444901,66.534744,63.596848,43.423515
97.444901,66.534744,63.596848,43.423515
97.444901,66.534744,63.596848,43.423515
97.444901,66.534744,63.596848,43.423515
97.444901,66.534744,63.596848,43.423515
97.444901,66.534744,63.596848,43.423515
97.444901,66.534744,63.596848,43.423515
97.444901,66.534744,63.596848,43.423515
97.048615,66.931030,63.338219,43.682144
97.048615,66.931030,63.338219,43.682144
96.652336,67.327309,63.079586,43.940777
96.652336,67.327309,63.079586,43.940777
96.652336,67.327309,63.079586,43.940777
96.256058,67.723595,62.820953,44.199409
96.256058,67.723595,62.820953,44.199409
95.859764,68.119881,62.562321,44.458042
95.859764,68.119881,62.562321,44.458042
95.859764,68.119881,62.562321,44.458042
95.463486,68.516159,62.303688,44.716675
95.463486,68.516159,62.303688,44.716675
95.067200,68.912445,62.045055,44.975307
95.067200,68.912445,62.045055,44.975307
95.067200,68.912445,62.045055,44.975307
95.067200,68.912445,62.045055,44.975307
94.670921,69.308731,61.786423,45.233940
94.670921,69.308731,61.786423,45.233940
94.670921,69.308731,61.786423,45.233940
94.274628,69.705017,61.527786,45.492573
94.274628,69.705017,61.527786,45.492573
93.878349,70.101295,61.269154,45.751205
93.878349,70.101295,61.269154,45.751205
93.482063,70.497581,61.010521,46.009838
93.482063,70.497581,61.010521,46.009838
93.482063,70.497581,61.010521,46.009838
93.085785,70.893867,60.751896,46.268471
93.085785,70.893867,60.751896,46.268471
93.085785,70.893867,60.751896,46.268471
93.085785,70.893867,60.751896,46.268471
92.689491,71.290154,60.493263,46.527103
92.689491,71.290154,60.493263,46.527103
92.293205,71.686440,60.234631,46.785736
92.293205,71.686440,60.234631,46.785736
92.293205,71.686440,60.234631,46.785736
92.293205,71.686440,60.234631,46.785736
91.896927,72.082718,59.975998,47.044369
91.896927,72.082718,59.975998,47.044369
91.896927,72.082718,59.975998,47.044369
91.896927,72.082718,59.975998,47.044369
91.896927,72.082718,59.975998,47.044369
91.896927,72.082718,59.975998,47.044369
91.896927,72.082718,59.975998,47.044369
91.896927,72.082718,59.975998,47.044369
91.896927,72.082718,59.975998,47.044369
91.896927,72.082718,59.975998,47.044369
91.500641,72.479004,59.717361,47.303001
91.500641,72.479004,59.717361,47.303001
91.500641,72.479004,59.717361,47.303001
91.104355,72.875290,59.458729,47.561634
91.104355,72.875290,59.458729,47.561634
90.708076,73.271568,59.200096,47.820267
90.708076,73.271568,59.200096,47.820267
90.311790,73.667854,58.941463,48.078903
89.519218,74.460426,58.424198,48.596169
88.468925,75.034401,58.164654,49.332012
87.678665,75.824669,57.645088,49.851578
86.635277,76.391747,57.378639,50.594337
85.847313,77.179710,56.856766,51.116207
85.059349,77.967674,56.334904,51.638077
84.665375,78.361656,56.073963,51.899010
83.632355,78.918381,55.797142,52.652119
83.239525,79.311211,55.535057,52.914204
82.453857,80.096878,55.010887,53.438374
82.695457,80.331566,54.769291,53.203686
82.695457,80.331566,54.769291,53.203686
82.541931,80.961395,54.267899,53.228771
82.541931,80.961395,54.267899,53.228771
82.782394,81.197250,54.027447,52.992916
82.782394,81.197250,54.027447,52.992916
82.782394,81.197250,54.027447,52.992916
82.782394,81.197250,54.027447,52.992916
82.782394,81.197250,54.027447,52.992916
82.782394,81.197250,54.027447,52.992916
82.782394,81.197250,54.027447,52.992916
82.782394,81.197250,54.027447,52.992916
83.178673,80.800972,54.286079,52.734283
83.178673,80.800972,54.286079,52.734283
83.178673,80.800972,54.286079,52.734283
83.178673,80.800972,54.286079,52.734283
82.937057,80.566261,54.527687,52.968983
83.332199,80.171127,54.787464,52.709198
83.089447,79.937584,55.030228,52.942749
83.089447,79.937584,55.030228,52.942749
83.089447,79.937584,55.030228,52.942749
82.695457,80.331566,54.769291,53.203686
82.695457,80.331566,54.769291,53.203686
82.301476,80.725548,54.508358,53.464619
82.301476,80.725548,54.508358,53.464619
82.301476,80.725548,54.508358,53.464619
82.541931,80.961395,54.267899,53.228771
82.937057,80.566261,54.527687,52.968983
83.178673,80.800972,54.286079,52.734283
83.178673,80.800972,54.286079,52.734283
83.178673,80.800972,54.286079,52.734283
83.178673,80.800972,54.286079,52.734283
83.574959,80.404686,54.544712,52.475651
83.574959,80.404686,54.544712,52.475651
83.574959,80.404686,54.544712,52.475651
83.574959,80.404686,54.544712,52.475651
83.574959,80.404686,54.544712,52.475651
83.178673,80.800972,54.286079,52.734283
83.178673,80.800972,54.286079,52.734283
83.178673,80.800972,54.286079,52.734283
83.178673,80.800972,54.286079,52.734283
82.937057,80.566261,54.527687,52.968983
82.541931,80.961395,54.267899,53.228771
82.301476,80.725548,54.508358,53.464619
82.301476,80.725548,54.508358,53.464619
82.301476,80.725548,54.508358,53.464619
82.301476,80.725548,54.508358,53.464619
82.301476,80.725548,54.508358,53.464619
82.301476,80.725548,54.508358,53.464619
82.301476,80.725548,54.508358,53.464619
82.301476,80.725548,54.508358,53.464619
82.541931,80.961395,54.267899,53.228771
82.937057,80.566261,54.527687,52.968983
83.178673,80.800972,54.286079,52.734283
83.178673,80.800972,54.286079,52.734283
83.178673,80.800972,54.286079,52.734283
83.178673,80.800972,54.286079,52.734283
83.178673,80.800972,54.286079,52.734283
83.178673,80.800972,54.286079,52.734283
83.178673,80.800972,54.286079,52.734283
83.178673,80.800972,54.286079,52.734283
83.178673,80.800972,54.286079,52.734283
83.178673,80.800972,54.286079,52.734283
83.178673,80.800972,54.286079,52.734283
83.178673,80.800972,54.286079,52.734283
83.178673,80.800972,54.286079,52.734283
82.937057,80.566261,54.527687,52.968983
82.541931,80.961395,54.267899,53.228771
82.301476,80.725548,54.508358,53.464619
82.301476,80.725548,54.508358,53.464619
82.301476,80.725548,54.508358,53.464619
82.541931,80.961395,54.267899,53.228771
82.937057,80.566261,54.527687,52.968983
83.178673,80.800972,54.286079,52.734283
83.178673,80.800972,54.286079,52.734283
83.178673,80.800972,54.286079,52.734283
83.178673,80.800972,54.286079,52.734283
83.178673,80.800972,54.286079,52.734283
83.178673,80.800972,54.286079,52.734283
83.178673,80.800972,54.286079,52.734283
83.178673,80.800972,54.286079,52.734283
83.178673,80.800972,54.286079,52.734283
83.178673,80.800972,54.286079,52.734283
83.178673,80.800972,54.286079,52.734283
83.178673,80.800972,54.286079,52.734283
83.178673,80.800972,54.286079,52.734283
82.937057,80.566261,54.527687,52.968983
82.937057,80.566261,54.527687,52.968983
82.695457,80.331566,54.769291,53.203686
82.695457,80.331566,54.769291,53.203686
82.695457,80.331566,54.769291,53.203686
82.937057,80.566261,54.527687,52.968983
82.541931,80.961395,54.267899,53.228771
82.782394,81.197250,54.027447,52.992916
82.782394,81.197250,54.027447,52.992916
82.782394,81.197250,54.027447,52.992916
82.782394,81.197250,54.027447,52.992916
83.178673,80.800972,54.286079,52.734283
83.178673,80.800972,54.286079,52.734283
83.178673,80.800972,54.286079,52.734283
83.178673,80.800972,54.286079,52.734283
82.937057,80.566261,54.527687,52.968983
82.937057,80.566261,54.527687,52.968983
82.695457,80.331566,54.769291,53.203686
82.695457,80.331566,54.769291,53.203686
82.695457,80.331566,54.769291,53.203686
82.695457,80.331566,54.769291,53.203686
82.695457,80.331566,54.769291,53.203686
82.695457,80.331566,54.769291,53.203686
82.695457,80.331566,54.769291,53.203686
82.695457,80.331566,54.769291,53.203686
82.937057,80.566261,54.527687,52.968983
82.541931,80.961395,54.267899,53.228771
82.782394,81.197250,54.027447,52.992916
82.782394,81.197250,54.027447,52.992916
82.782394,81.197250,54.027447,52.992916
82.782394,81.197250,54.027447,52.992916
83.178673,80.800972,54.286079,52.734283
83.178673,80.800972,54.286079,52.734283
83.178673,80.800972,54.286079,52.734283
83.178673,80.800972,54.286079,52.734283
82.937057,80.566261,54.527687,52.968983
82.937057,80.566261,54.527687,52.968983
82.695457,80.331566,54.769291,53.203686
82.695457,80.331566,54.769291,53.203686
82.695457,80.331566,54.769291,53.203686
82.937057,80.566261,54.527687,52.968983
82.937057,80.566261,54.527687,52.968983
83.178673,80.800972,54.286079,52.734283
83.178673,80.800972,54.286079,52.734283
83.178673,80.800972,54.286079,52.734283
83.178673,80.800972,54.286079,52.734283
83.178673,80.800972,54.286079,52.734283
83.178673,80.800972,54.286079,52.734283
83.178673,80.800972,54.286079,52.734283
83.178673,80.800972,54.286079,52.734283
83.178673,80.800972,54.286079,52.734283
83.178673,80.800972,54.286079,52.734283
83.178673,80.800972,54.286079,52.734283
83.178673,80.800972,54.286079,52.734283
83.178673,80.800972,54.286079,52.734283
83.178673,80.800972,54.286079,52.734283
83.178673,80.800972,54.286079,52.734283
83.178673,80.800972,54.286079,52.734283
83.178673,80.800972,54.286079,52.734283
83.178673,80.800972,54.286079,52.734283
82.937057,80.566261,54.527687,52.968983
82.937057,80.566261,54.527687,52.968983
82.695457,80.331566,54.769291,53.203686
82.695457,80.331566,54.769291,53.203686
82.695457,80.331566,54.769291,53.203686
82.937057,80.566261,54.527687,52.968983
82.937057,80.566261,54.527687,52.968983
83.178673,80.800972,54.286079,52.734283
83.178673,80.800972,54.286079,52.734283
83.178673,80.800972,54.286079,52.734283
83.178673,80.800972,54.286079,52.734283
83.178673,80.800972,54.286079,52.734283
83.178673,80.800972,54.286079,52.734283
83.178673,80.800972,54.286079,52.734283
83.178673,80.800972,54.286079,52.734283
83.178673,80.800972,54.286079,52.734283
83.178673,80.800972,54.286079,52.734283
83.178673,80.800972,54.286079,52.734283
83.178673,80.800972,54.286079,52.734283
83.178673,80.800972,54.286079,52.734283
83.178673,80.800972,54.286079,52.734283
83.178673,80.800972,54.286079,52.734283
83.178673,80.800972,54.286079,52.734283
83.178673,80.800972,54.286079,52.734283
83.178673,80.800972,54.286079,52.734283
83.178673,80.800972,54.286079,52.734283
83.178673,80.800972,54.286079,52.734283
83.178673,80.800972,54.286079,52.734283
83.178673,80.800972,54.286079,52.734283
83.178673,80.800972,54.286079,52.734283
83.178673,80.800972,54.286079,52.734283
83.178673,80.800972,54.286079,52.734283
83.178673,80.800972,54.286079,52.734283
83.178673,80.800972,54.286079,52.734283
83.178673,80.800972,54.286079,52.734283
83.178673,80.800972,54.286079,52.734283
82.782394,81.197250,54.027447,52.992916
82.782394,81.197250,54.027447,52.992916
82.782394,81.197250,54.027447,52.992916
82.782394,81.197250,54.027447,52.992916
82.782394,81.197250,54.027447,52.992916
82.782394,81.197250,54.027447,52.992916
82.782394,81.197250,54.027447,52.992916
82.782394,81.197250,54.027447,52.992916
82.782394,81.197250,54.027447,52.992916
82.782394,81.197250,54.027447,52.992916
83.178673,80.800972,54.286079,52.734283
83.178673,80.800972,54.286079,52.734283
83.178673,80.800972,54.286079,52.734283
83.178673,80.800972,54.286079,52.734283
82.937057,80.566261,54.527687,52.968983
82.937057,80.566261,54.527687,52.968983
82.695457,80.331566,54.769291,53.203686
82.695457,80.331566,54.769291,53.203686
82.695457,80.331566,54.769291,53.203686
82.937057,80.566261,54.527687,52.968983
82.937057,80.566261,54.527687,52.968983
83.178673,80.800972,54.286079,52.734283
83.178673,80.800972,54.286079,52.734283
83.178673,80.800972,54.286079,52.734283
83.178673,80.800972,54.286079,52.734283
83.178673,80.800972,54.286079,52.734283
83.178673,80.800972,54.286079,52.734283
83.178673,80.800972,54.286079,52.734283
83.178673,80.800972,54.286079,52.734283
83.178673,80.800972,54.286079,52.734283
83.178673,80.800972,54.286079,52.734283
83.178673,80.800972,54.286079,52.734283
83.178673,80.800972,54.286079,52.734283
83.178673,80.800972,54.286079,52.734283
83.178673,80.800972,54.286079,52.734283
83.178673,80.800972,54.286079,52.734283
83.178673,80.800972,54.286079,52.734283
83.178673,80.800972,54.286079,52.734283
83.178673,80.800972,54.286079,52.734283
83.178673,80.800972,54.286079,52.734283
83.178673,80.800972,54.286079,52.734283
83.178673,80.800972,54.286079,52.734283
83.178673,80.800972,54.286079,52.734283
83.178673,80.800972,54.286079,52.734283
83.178673,80.800972,54.286079,52.734283
83.178673,80.800972,54.286079,52.734283
83.178673,80.800972,54.286079,52.734283
83.178673,80.800972,54.286079,52.734283
83.178673,80.800972,54.286079,52.734283
83.178673,80.800972,54.286079,52.734283
83.178673,80.800972,54.286079,52.734283
83.178673,80.800972,54.286079,52.734283
83.178673,80.800972,54.286079,52.734283
83.178673,80.800972,54.286079,52.734283
83.178673,80.800972,54.286079,52.734283
83.178673,80.800972,54.286079,52.734283
83.178673,80.800972,54.286079,52.734283
83.178673,80.800972,54.286079,52.734283
83.178673,80.800972,54.286079,52.734283
83.178673,80.800972,54.286079,52.734283
83.178673,80.800972,54.286079,52.734283
83.178673,80.800972,54.286079,52.734283
83.178673,80.800972,54.286079,52.734283
83.178673,80.800972,54.286079,52.734283
83.178673,80.800972,54.286079,52.734283
83.178673,80.800972,54.286079,52.734283
83.178673,80.800972,54.286079,52.734283
83.178673,80.800972,54.286079,52.734283
83.178673,80.800972,54.286079,52.734283
83.178673,80.800972,54.286079,52.734283
83.178673,80.800972,54.286079,52.734283
83.178673,80.800972,54.286079,52.734283
83.178673,80.800972,54.286079,52.734283
83.178673,80.800972,54.286079,52.734283
83.178673,80.800972,54.286079,52.734283
83.178673,80.800972,54.286079,52.734283
83.178673,80.800972,54.286079,52.734283
83.178673,80.800972,54.286079,52.734283
83.178673,80.800972,54.286079,52.734283
83.178673,80.800972,54.286079,52.734283
82.782394,81.197250,54.027447,52.992916
82.782394,81.197250,54.027447,52.992916
82.782394,81.197250,54.027447,52.992916
82.782394,81.197250,54.027447,52.992916
82.782394,81.197250,54.027447,52.992916
83.178673,80.800972,54.286079,52.734283
83.178673,80.800972,54.286079,52.734283
83.178673,80.800972,54.286079,52.734283
83.178673,80.800972,54.286079,52.734283
83.178673,80.800972,54.286079,52.734283
83.178673,80.800972,54.286079,52.734283
83.178673,80.800972,54.286079,52.734283
83.178673,80.800972,54.286079,52.734283
83.178673,80.800972,54.286079,52.734283
83.178673,80.800972,54.286079,52.734283
83.178673,80.800972,54.286079,52.734283
83.178673,80.800972,54.286079,52.734283
83.178673,80.800972,54.286079,52.734283
83.178673,80.800972,54.286079,52.734283
83.178673,80.800972,54.286079,52.734283
83.178673,80.800972,54.286079,52.734283
83.178673,80.800972,54.286079,52.734283
83.178673,80.800972,54.286079,52.734283
83.178673,80.800972,54.286079,52.734283
83.178673,80.800972,54.286079,52.734283
83.178673,80.800972,54.286079,52.734283
83.178673,80.800972,54.286079,52.734283
83.178673,80.800972,54.286079,52.734283
83.178673,80.800972,54.286079,52.734283
83.178673,80.800972,54.286079,52.734283
83.178673,80.800972,54.286079,52.734283
83.178673,80.800972,54.286079,52.734283
83.178673,80.800972,54.286079,52.734283
83.178673,80.800972,54.286079,52.734283
83.178673,80.800972,54.286079,52.734283
83.178673,80.800972,54.286079,52.734283
83.178673,80.800972,54.286079,52.734283
83.178673,80.800972,54.286079,52.734283
83.178673,80.800972,54.286079,52.734283
83.178673,80.800972,54.286079,52.734283
83.178673,80.800972,54.286079,52.734283
83.178673,80.800972,54.286079,52.734283
83.178673,80.800972,54.286079,52.734283
83.178673,80.800972,54.286079,52.734283
83.178673,80.800972,54.286079,52.734283
83.178673,80.800972,54.286079,52.734283
83.178673,80.800972,54.286079,52.734283
83.178673,80.800972,54.286079,52.734283
83.178673,80.800972,54.286079,52.734283
83.178673,80.800972,54.286079,52.734283
83.178673,80.800972,54.286079,52.734283
83.178673,80.800972,54.286079,52.734283
83.178673,80.800972,54.286079,52.734283
83.178673,80.800972,54.286079,52.734283
83.178673,80.800972,54.286079,52.734283
83.178673,80.800972,54.286079,52.734283
83.178673,80.800972,54.286079,52.734283
83.178673,80.800972,54.286079,52.734283
83.178673,80.800972,54.286079,52.734283
83.178673,80.800972,54.286079,52.734283
83.178673,80.800972,54.286079,52.734283
83.178673,80.800972,54.286079,52.734283
83.178673,80.800972,54.286079,52.734283
83.178673,80.800972,54.286079,52.734283
83.178673,80.800972,54.286079,52.734283
83.178673,80.800972,54.286079,52.734283
83.178673,80.800972,54.286079,52.734283
83.178673,80.800972,54.286079,52.734283
83.178673,80.800972,54.286079,52.734283
83.178673,80.800972,54.286079,52.734283
83.178673,80.800972,54.286079,52.734283
83.178673,80.800972,54.286079,52.734283
83.178673,80.800972,54.286079,52.734283
83.178673,80.800972,54.286079,52.734283
83.178673,80.800972,54.286079,52.734283
83.178673,80.800972,54.286079,52.734283
83.178673,80.800972,54.286079,52.734283
83.178673,80.800972,54.286079,52.734283
83.178673,80.800972,54.286079,52.734283
83.178673,80.800972,54.286079,52.734283
83.178673,80.800972,54.286079,52.734283
83.178673,80.800972,54.286079,52.734283
83.178673,80.800972,54.286079,52.734283
83.178673,80.800972,54.286079,52.734283
82.937057,80.566261,54.527687,52.968983
82.937057,80.566261,54.527687,52.968983
82.695457,80.331566,54.769291,53.203686
82.695457,80.331566,54.769291,53.203686
82.695457,80.331566,54.769291,53.203686
82.937057,80.566261,54.527687,52.968983
82.937057,80.566261,54.527687,52.968983
83.178673,80.800972,54.286079,52.734283
83.178673,80.800972,54.286079,52.734283
83.178673,80.800972,54.286079,52.734283
83.178673,80.800972,54.286079,52.734283
83.178673,80.800972,54.286079,52.734283
83.178673,80.800972,54.286079,52.734283
83.178673,80.800972,54.286079,52.734283
83.178673,80.800972,54.286079,52.734283
83.178673,80.800972,54.286079,52.734283
83.178673,80.800972,54.286079,52.734283
83.178673,80.800972,54.286079,52.734283
83.178673,80.800972,54.286079,52.734283
83.178673,80.800972,54.286079,52.734283
83.178673,80.800972,54.286079,52.734283
83.178673,80.800972,54.286079,52.734283
83.178673,80.800972,54.286079,52.734283
83.178673,80.800972,54.286079,52.734283
83.178673,80.800972,54.286079,52.734283
83.178673,80.800972,54.286079,52.734283
83.178673,80.800972,54.286079,52.734283
83.178673,80.800972,54.286079,52.734283
83.178673,80.800972,54.286079,52.734283
83.178673,80.800972,54.286079,52.734283
83.178673,80.800972,54.286079,52.734283
83.178673,80.800972,54.286079,52.734283
83.178673,80.800972,54.286079,52.734283
83.178673,80.800972,54.286079,52.734283
83.178673,80.800972,54.286079,52.734283
83.178673,80.800972,54.286079,52.734283
83.178673,80.800972,54.286079,52.734283
83.178673,80.800972,54.286079,52.734283
83.178673,80.800972,54.286079,52.734283
83.178673,80.800972,54.286079,52.734283
83.178673,80.800972,54.286079,52.734283
83.178673,80.800972,54.286079,52.734283
83.178673,80.800972,54.286079,52.734283
83.178673,80.800972,54.286079,52.734283
83.178673,80.800972,54.286079,52.734283
83.178673,80.800972,54.286079,52.734283
83.178673,80.800972,54.286079,52.734283
83.178673,80.800972,54.286079,52.734283
83.178673,80.800972,54.286079,52.734283
83.178673,80.800972,54.286079,52.734283
83.178673,80.800972,54.286079,52.734283
83.178673,80.800972,54.286079,52.734283
83.178673,80.800972,54.286079,52.734283
83.178673,80.800972,54.286079,52.734283
83.178673,80.800972,54.286079,52.734283
83.178673,80.800972,54.286079,52.734283
83.178673,80.800972,54.286079,52.734283
83.178673,80.800972,54.286079,52.734283
83.178673,80.800972,54.286079,52.734283
83.178673,80.800972,54.286079,52.734283
83.178673,80.800972,54.286079,52.734283
83.178673,80.800972,54.286079,52.734283
83.178673,80.800972,54.286079,52.734283
83.178673,80.800972,54.286079,52.734283
83.178673,80.800972,54.286079,52.734283
83.178673,80.800972,54.286079,52.734283
83.178673,80.800972,54.286079,52.734283
83.178673,80.800972,54.286079,52.734283
83.178673,80.800972,54.286079,52.734283
83.178673,80.800972,54.286079,52.734283
83.178673,80.800972,54.286079,52.734283
83.178673,80.800972,54.286079,52.734283
83.178673,80.800972,54.286079,52.734283
83.178673,80.800972,54.286079,52.734283
83.178673,80.800972,54.286079,52.734283
83.178673,80.800972,54.286079,52.734283
83.178673,80.800972,54.286079,52.734283
83.178673,80.800972,54.286079,52.734283
83.178673,80.800972,54.286079,52.734283
83.178673,80.800972,54.286079,52.734283
83.178673,80.800972,54.286079,52.734283
83.178673,80.800972,54.286079,52.734283
83.178673,80.800972,54.286079,52.734283
83.178673,80.800972,54.286079,52.734283
83.178673,80.800972,54.286079,52.734283
83.178673,80.800972,54.286079,52.734283
82.782394,81.197250,54.027447,52.992916
82.782394,81.197250,54.027447,52.992916
82.782394,81.197250,54.027447,52.992916
82.782394,81.197250,54.027447,52.992916
82.782394,81.197250,54.027447,52.992916
83.178673,80.800972,54.286079,52.734283
83.178673,80.800972,54.286079,52.734283
83.178673,80.800972,54.286079,52.734283
83.178673,80.800972,54.286079,52.734283
83.178673,80.800972,54.286079,52.734283
83.178673,80.800972,54.286079,52.734283
83.178673,80.800972,54.286079,52.734283
83.178673,80.800972,54.286079,52.734283
83.178673,80.800972,54.286079,52.734283
83.178673,80.800972,54.286079,52.734283
83.178673,80.800972,54.286079,52.734283
83.178673,80.800972,54.286079,52.734283
83.178673,80.800972,54.286079,52.734283
83.178673,80.800972,54.286079,52.734283
83.178673,80.800972,54.286079,52.734283
83.178673,80.800972,54.286079,52.734283
83.178673,80.800972,54.286079,52.734283
83.178673,80.800972,54.286079,52.734283
83.178673,80.800972,54.286079,52.734283
82.937057,80.566261,54.527687,52.968983
82.541931,80.961395,54.267899,53.228771
82.301476,80.725548,54.508358,53.464619
82.301476,80.725548,54.508358,53.464619
82.301476,80.725548,54.508358,53.464619
82.301476,80.725548,54.508358,53.464619
82.695457,80.331566,54.769291,53.203686
82.695457,80.331566,54.769291,53.203686
82.695457,80.331566,54.769291,53.203686
82.695457,80.331566,54.769291,53.203686
82.695457,80.331566,54.769291,53.203686
82.695457,80.331566,54.769291,53.203686
82.695457,80.331566,54.769291,53.203686
82.695457,80.331566,54.769291,53.203686
82.695457,80.331566,54.769291,53.203686
82.937057,80.566261,54.527687,52.968983
82.937057,80.566261,54.527687,52.968983
83.178673,80.800972,54.286079,52.734283
83.178673,80.800972,54.286079,52.734283
83.178673,80.800972,54.286079,52.734283
83.178673,80.800972,54.286079,52.734283
83.178673,80.800972,54.286079,52.734283
83.178673,80.800972,54.286079,52.734283
83.178673,80.800972,54.286079,52.734283
83.178673,80.800972,54.286079,52.734283
82.937057,80.566261,54.527687,52.968983
82.937057,80.566261,54.527687,52.968983
82.695457,80.331566,54.769291,53.203686
82.695457,80.331566,54.769291,53.203686
82.695457,80.331566,54.769291,53.203686
82.695457,80.331566,54.769291,53.203686
82.695457,80.331566,54.769291,53.203686
82.695457,80.331566,54.769291,53.203686
82.695457,80.331566,54.769291,53.203686
82.695457,80.331566,54.769291,53.203686
82.937057,80.566261,54.527687,52.968983
82.937057,80.566261,54.527687,52.968983
83.178673,80.800972,54.286079,52.734283
83.178673,80.800972,54.286079,52.734283
83.178673,80.800972,54.286079,52.734283
83.178673,80.800972,54.286079,52.734283
83.178673,80.800972,54.286079,52.734283
83.178673,80.800972,54.286079,52.734283
83.178673,80.800972,54.286079,52.734283
83.178673,80.800972,54.286079,52.734283
83.178673,80.800972,54.286079,52.734283
83.178673,80.800972,54.286079,52.734283
83.178673,80.800972,54.286079,52.734283
83.178673,80.800972,54.286079,52.734283
83.178673,80.800972,54.286079,52.734283
82.937057,80.566261,54.527687,52.968983
82.937057,80.566261,54.527687,52.968983
82.695457,80.331566,54.769291,53.203686
82.695457,80.331566,54.769291,53.203686
82.695457,80.331566,54.769291,53.203686
82.937057,80.566261,54.527687,52.968983
82.937057,80.566261,54.527687,52.968983
83.178673,80.800972,54.286079,52.734283
83.178673,80.800972,54.286079,52.734283
83.178673,80.800972,54.286079,52.734283
83.178673,80.800972,54.286079,52.734283
83.178673,80.800972,54.286079,52.734283
83.178673,80.800972,54.286079,52.734283
83.178673,80.800972,54.286079,52.734283
83.178673,80.800972,54.286079,52.734283
83.178673,80.800972,54.286079,52.734283
83.178673,80.800972,54.286079,52.734283
83.178673,80.800972,54.286079,52.734283
83.178673,80.800972,54.286079,52.734283
83.178673,80.800972,54.286079,52.734283
82.937057,80.566261,54.527687,52.968983
82.937057,80.566261,54.527687,52.968983
82.695457,80.331566,54.769291,53.203686
82.695457,80.331566,54.769291,53.203686
82.695457,80.331566,54.769291,53.203686
82.937057,80.566261,54.527687,52.968983
82.937057,80.566261,54.527687,52.968983
83.178673,80.800972,54.286079,52.734283
83.178673,80.800972,54.286079,52.734283
83.178673,80.800972,54.286079,52.734283
83.178673,80.800972,54.286079,52.734283
83.178673,80.800972,54.286079,52.734283
83.178673,80.800972,54.286079,52.734283
83.178673,80.800972,54.286079,52.734283
83.178673,80.800972,54.286079,52.734283
83.178673,80.800972,54.286079,52.734283
83.178673,80.800972,54.286079,52.734283
83.178673,80.800972,54.286079,52.734283
83.178673,80.800972,54.286079,52.734283
83.178673,80.800972,54.286079,52.734283
83.178673,80.800972,54.286079,52.734283
83.178673,80.800972,54.286079,52.734283
83.178673,80.800972,54.286079,52.734283
83.178673,80.800972,54.286079,52.734283
83.178673,80.800972,54.286079,52.734283
83.178673,80.800972,54.286079,52.734283
83.178673,80.800972,54.286079,52.734283
83.178673,80.800972,54.286079,52.734283
83.178673,80.800972,54.286079,52.734283
83.178673,80.800972,54.286079,52.734283
83.178673,80.800972,54.286079,52.734283
83.178673,80.800972,54.286079,52.734283
83.178673,80.800972,54.286079,52.734283
83.178673,80.800972,54.286079,52.734283
83.178673,80.800972,54.286079,52.734283
83.178673,80.800972,54.286079,52.734283
83.178673,80.800972,54.286079,52.734283
83.178673,80.800972,54.286079,52.734283
83.178673,80.800972,54.286079,52.734283
83.178673,80.800972,54.286079,52.734283
83.178673,80.800972,54.286079,52.734283
83.178673,80.800972,54.286079,52.734283
83.178673,80.800972,54.286079,52.734283
83.178673,80.800972,54.286079,52.734283
83.178673,80.800972,54.286079,52.734283
83.178673,80.800972,54.286079,52.734283
83.178673,80.800972,54.286079,52.734283
83.178673,80.800972,54.286079,52.734283
83.178673,80.800972,54.286079,52.734283
83.178673,80.800972,54.286079,52.734283
83.178673,80.800972,54.286079,52.734283
83.178673,80.800972,54.286079,52.734283
83.178673,80.800972,54.286079,52.734283
83.178673,80.800972,54.286079,52.734283
83.178673,80.800972,54.286079,52.734283
83.178673,80.800972,54.286079,52.734283
83.178673,80.800972,54.286079,52.734283
83.178673,80.800972,54.286079,52.734283
83.178673,80.800972,54.286079,52.734283
83.178673,80.800972,54.286079,52.734283
83.178673,80.800972,54.286079,52.734283
83.178673,80.800972,54.286079,52.734283
83.178673,80.800972,54.286079,52.734283
83.178673,80.800972,54.286079,52.734283
83.178673,80.800972,54.286079,52.734283
83.178673,80.800972,54.286079,52.734283
83.178673,80.800972,54.286079,52.734283
83.178673,80.800972,54.286079,52.734283
83.178673,80.800972,54.286079,52.734283
83.178673,80.800972,54.286079,52.734283
83.178673,80.800972,54.286079,52.734283
83.178673,80.800972,54.286079,52.734283
83.178673,80.800972,54.286079,52.734283
83.178673,80.800972,54.286079,52.734283
83.178673,80.800972,54.286079,52.734283
83.178673,80.800972,54.286079,52.734283
83.178673,80.800972,54.286079,52.734283
83.178673,80.800972,54.286079,52.734283
83.178673,80.800972,54.286079,52.734283
83.178673,80.800972,54.286079,52.734283
83.178673,80.800972,54.286079,52.734283
83.178673,80.800972,54.286079,52.734283
83.178673,80.800972,54.286079,52.734283
83.178673,80.800972,54.286079,52.734283
83.178673,80.800972,54.286079,52.734283
83.178673,80.800972,54.286079,52.734283
83.178673,80.800972,54.286079,52.734283
83.178673,80.800972,54.286079,52.734283
83.178673,80.800972,54.286079,52.734283
83.178673,80.800972,54.286079,52.734283
83.178673,80.800972,54.286079,52.734283
83.178673,80.800972,54.286079,52.734283
83.178673,80.800972,54.286079,52.734283
83.178673,80.800972,54.286079,52.734283
83.178673,80.800972,54.286079,52.734283
83.178673,80.800972,54.286079,52.734283
83.178673,80.800972,54.286079,52.734283
83.178673,80.800972,54.286079,52.734283
83.178673,80.800972,54.286079,52.734283
83.178673,80.800972,54.286079,52.734283
83.178673,80.800972,54.286079,52.734283
83.178673,80.800972,54.286079,52.734283
83.178673,80.800972,54.286079,52.734283
83.178673,80.800972,54.286079,52.734283
83.178673,80.800972,54.286079,52.734283
83.178673,80.800972,54.286079,52.734283
83.178673,80.800972,54.286079,52.734283
83.178673,80.800972,54.286079,52.734283
83.178673,80.800972,54.286079,52.734283
83.178673,80.800972,54.286079,52.734283
83.178673,80.800972,54.286079,52.734283
83.178673,80.800972,54.286079,52.734283
83.178673,80.800972,54.286079,52.734283
83.178673,80.800972,54.286079,52.734283
83.178673,80.800972,54.286079,52.734283
83.178673,80.800972,54.286079,52.734283
83.178673,80.800972,54.286079,52.734283
83.178673,80.800972,54.286079,52.734283
83.178673,80.800972,54.286079,52.734283
83.178673,80.800972,54.286079,52.734283
83.178673,80.800972,54.286079,52.734283
83.178673,80.800972,54.286079,52.734283
83.178673,80.800972,54.286079,52.734283
83.178673,80.800972,54.286079,52.734283
83.178673,80.800972,54.286079,52.734283
83.178673,80.800972,54.286079,52.734283
83.178673,80.800972,54.286079,52.734283
83.178673,80.800972,54.286079,52.734283
83.178673,80.800972,54.286079,52.734283
83.178673,80.800972,54.286079,52.734283
83.178673,80.800972,54.286079,52.734283
83.178673,80.800972,54.286079,52.734283
83.178673,80.800972,54.286079,52.734283
83.178673,80.800972,54.286079,52.734283
83.178673,80.800972,54.286079,52.734283
83.178673,80.800972,54.286079,52.734283
83.178673,80.800972,54.286079,52.734283
83.178673,80.800972,54.286079,52.734283
83.178673,80.800972,54.286079,52.734283
83.178673,80.800972,54.286079,52.734283
83.178673,80.800972,54.286079,52.734283
83.178673,80.800972,54.286079,52.734283
83.178673,80.800972,54.286079,52.734283
83.178673,80.800972,54.286079,52.734283
83.178673,80.800972,54.286079,52.734283
83.178673,80.800972,54.286079,52.734283
83.178673,80.800972,54.286079,52.734283
83.178673,80.800972,54.286079,52.734283
83.178673,80.800972,54.286079,52.734283
83.178673,80.800972,54.286079,52.734283
83.178673,80.800972,54.286079,52.734283
83.178673,80.800972,54.286079,52.734283
83.178673,80.800972,54.286079,52.734283
83.178673,80.800972,54.286079,52.734283
83.178673,80.800972,54.286079,52.734283
83.178673,80.800972,54.286079,52.734283
83.178673,80.800972,54.286079,52.734283
83.178673,80.800972,54.286079,52.734283
83.178673,80.800972,54.286079,52.734283
83.178673,80.800972,54.286079,52.734283
83.178673,80.800972,54.286079,52.734283
83.178673,80.800972,54.286079,52.734283
83.178673,80.800972,54.286079,52.734283
83.178673,80.800972,54.286079,52.734283
83.178673,80.800972,54.286079,52.734283
83.178673,80.800972,54.286079,52.734283
83.178673,80.800972,54.286079,52.734283
83.178673,80.800972,54.286079,52.734283
83.178673,80.800972,54.286079,52.734283
83.178673,80.800972,54.286079,52.734283
83.178673,80.800972,54.286079,52.734283
82.782394,81.197250,54.027447,52.992916
82.782394,81.197250,54.027447,52.992916
82.782394,81.197250,54.027447,52.992916
82.782394,81.197250,54.027447,52.992916
82.541931,80.961395,54.267899,53.228771
82.146797,81.356529,54.008114,53.488548
81.907494,81.119530,54.247421,53.725555
81.907494,81.119530,54.247421,53.725555
81.513512,81.513512,53.986488,53.986488
80.725548,82.301476,53.464619,54.508358
80.096878,82.453857,53.438374,55.010887
79.311211,83.239525,52.914204,55.535057
78.918381,83.632355,52.652119,55.797142
77.739891,84.810837,51.865860,56.583405
76.954231,85.596504,51.341690,57.107574
75.553696,86.520729,50.777470,58.148094
74.770340,87.304092,50.250996,58.674572
73.595299,88.479134,49.461285,59.464283
72.420258,89.654182,48.671574,60.253994
70.853539,91.220901,47.618629,61.306938
69.473732,92.124397,47.033691,62.368187
67.911613,93.686516,45.976139,63.425735
66.740028,94.858109,45.182972,64.218903
65.958969,95.639160,44.654198,64.747681
65.177917,96.420212,44.125431,65.276451
64.978340,97.096092,43.670074,65.255493
64.194984,97.879440,43.143604,65.781967
63.411625,98.662811,42.617130,66.308441
63.411625,98.662811,42.617130,66.308441
63.205147,99.345589,42.168690,66.280571
63.205147,99.345589,42.168690,66.280571
62.996361,100.030663,41.722557,66.250420
62.996361,100.030663,41.722557,66.250420
62.996361,100.030663,41.722557,66.250420
63.390343,99.636681,41.983498,65.989487
63.390343,99.636681,41.983498,65.989487
63.784325,99.242699,42.244431,65.728546
63.784325,99.242699,42.244431,65.728546
63.390343,99.636681,41.983498,65.989487
63.390343,99.636681,41.983498,65.989487
62.812313,99.738419,41.906605,66.542664
62.812313,99.738419,41.906605,66.542664
62.419487,100.131248,41.644520,66.804749
62.419487,100.131248,41.644520,66.804749
62.236584,99.837845,41.827415,67.098145
62.236584,99.837845,41.827415,67.098145
62.053688,99.544441,42.010323,67.391556
62.053688,99.544441,42.010323,67.391556
62.834740,98.763390,42.539097,66.862778
63.615799,97.982330,43.067875,66.334007
64.006325,97.591805,43.332260,66.069618
64.787384,96.810745,43.861038,65.540840
65.568443,96.029686,44.389816,65.012062
66.349503,95.248627,44.918591,64.483292
67.130554,94.467575,45.447365,63.954514
68.111778,93.962654,45.775970,63.149601
68.895142,93.179291,46.302444,62.623123
69.678497,92.395935,46.828915,62.096649
70.070183,92.004250,47.092152,61.833412
70.668930,91.881805,47.148319,61.300949
70.668930,91.881805,47.148319,61.300949
71.269981,91.757042,47.202187,60.770790
71.663963,91.363060,47.463123,60.509853
72.057945,90.969086,47.724056,60.248920
72.057945,90.969086,47.724056,60.248920
72.240257,90.310478,48.196667,60.252602
72.240257,90.310478,48.196667,60.252602
72.633087,89.917648,48.458752,59.990517
72.240257,90.310478,48.196667,60.252602
71.636902,90.437531,48.145103,60.780464
71.636902,90.437531,48.145103,60.780464
71.035843,90.562286,48.091244,61.310635
70.645317,90.952812,47.826855,61.575024
70.645317,90.952812,47.826855,61.575024
70.645317,90.952812,47.826855,61.575024
70.645317,90.952812,47.826855,61.575024
70.645317,90.952812,47.826855,61.575024
70.645317,90.952812,47.826855,61.575024
70.645317,90.952812,47.826855,61.575024
70.254791,91.343338,47.562466,61.839413
70.254791,91.343338,47.562466,61.839413
69.864258,91.733864,47.298080,62.103798
69.864258,91.733864,47.298080,62.103798
69.864258,91.733864,47.298080,62.103798
70.461861,91.612572,47.355392,61.570175
70.461861,91.612572,47.355392,61.570175
71.061768,91.488968,47.410404,61.038864
71.061768,91.488968,47.410404,61.038864
71.061768,91.488968,47.410404,61.038864
70.668930,91.881805,47.148319,61.300949
70.461861,91.612572,47.355392,61.570175
70.070183,92.004250,47.092152,61.833412
70.070183,92.004250,47.092152,61.833412
70.070183,92.004250,47.092152,61.833412
70.070183,92.004250,47.092152,61.833412
69.883270,92.667458,46.624146,61.825119
69.883270,92.667458,46.624146,61.825119
69.883270,92.667458,46.624146,61.825119
69.678497,92.395935,46.828915,62.096649
69.083199,92.514931,46.769302,62.632580
69.083199,92.514931,46.769302,62.632580
68.490204,92.631622,46.707386,63.170795
68.287727,92.357780,46.909855,63.444633
68.100822,93.021004,46.441845,63.436337
68.100822,93.021004,46.441845,63.436337
67.911613,93.686516,45.976139,63.425735
67.911613,93.686516,45.976139,63.425735
67.720100,94.354340,45.512733,63.412830
67.720100,94.354340,45.512733,63.412830
67.720100,94.354340,45.512733,63.412830
67.521088,94.077042,45.711746,63.690128
67.521088,94.077042,45.711746,63.690128
67.521088,94.077042,45.711746,63.690128
67.521088,94.077042,45.711746,63.690128
67.521088,94.077042,45.711746,63.690128
67.328423,94.746002,45.249496,63.676071
67.328423,94.746002,45.249496,63.676071
67.328423,94.746002,45.249496,63.676071
67.526283,95.024452,45.051632,63.397633
67.724144,95.302879,44.853775,63.119198
68.118126,94.908897,45.114708,62.858265
68.317139,95.186188,44.915695,62.580978
68.516159,95.463486,44.716675,62.303688
68.317139,95.186188,44.915695,62.580978
67.922005,95.581322,44.